<csw:GetRecordsResponse xmlns:csw="http://www.opengis.net/cat/csw/2.0.2" xmlns:xsi="http://www.w3.org/2001/XMLSchema-instance" xsi:schemaLocation="http://www.opengis.net/cat/csw/2.0.2 http://schemas.opengis.net/csw/2.0.2/CSW-discovery.xsd">
  <csw:SearchStatus timestamp="2018-03-27T14:20:49" />
  <csw:SearchResults numberOfRecordsMatched="1" numberOfRecordsReturned="1" elementSet="full" nextRecord="0">
    <gmd:MD_Metadata xmlns:gmd="http://www.isotc211.org/2005/gmd" xmlns:gml="http://www.opengis.net/gml" xmlns:gco="http://www.isotc211.org/2005/gco" xmlns:geonet="http://www.fao.org/geonetwork">
      <gmd:fileIdentifier xmlns:srv="http://www.isotc211.org/2005/srv">
        <gco:CharacterString>027256f0-bf78-4d6e-9c75-8b65eb54e9c4</gco:CharacterString>
      </gmd:fileIdentifier>
      <gmd:language gco:nilReason="missing">
        <gco:CharacterString />
      </gmd:language>
      <gmd:hierarchyLevel>
        <gmd:MD_ScopeCode codeList="http://www.isotc211.org/2005/resources/codeList.xml#MD_ScopeCode" codeListValue="dataset" />
      </gmd:hierarchyLevel>
      <gmd:contact>
        <gmd:CI_ResponsibleParty>
          <gmd:organisationName>
            <gco:CharacterString>U.S. Department of Commerce, U.S. Census Bureau, Geography Division, Geographic Products Management Branch</gco:CharacterString>
          </gmd:organisationName>
          <gmd:contactInfo>
            <gmd:CI_Contact>
              <gmd:phone>
                <gmd:CI_Telephone>
                  <gmd:voice>
                    <gco:CharacterString>301-763-1128</gco:CharacterString>
                  </gmd:voice>
                  <gmd:facsimile>
                    <gco:CharacterString>301-763-4710</gco:CharacterString>
                  </gmd:facsimile>
                </gmd:CI_Telephone>
              </gmd:phone>
              <gmd:address>
                <gmd:CI_Address>
                  <gmd:deliveryPoint>
                    <gco:CharacterString>4600 Silver Hill Road, Stop 7400</gco:CharacterString>
                  </gmd:deliveryPoint>
                  <gmd:city>
                    <gco:CharacterString>Washington</gco:CharacterString>
                  </gmd:city>
                  <gmd:administrativeArea>
                    <gco:CharacterString>DC</gco:CharacterString>
                  </gmd:administrativeArea>
                  <gmd:postalCode>
                    <gco:CharacterString>20233-7400</gco:CharacterString>
                  </gmd:postalCode>
                  <gmd:country>
                    <gco:CharacterString>United States</gco:CharacterString>
                  </gmd:country>
                  <gmd:electronicMailAddress>
                    <gco:CharacterString>tiger@census.gov</gco:CharacterString>
                  </gmd:electronicMailAddress>
                </gmd:CI_Address>
              </gmd:address>
            </gmd:CI_Contact>
          </gmd:contactInfo>
          <gmd:role>
            <gmd:CI_RoleCode codeList="http://www.isotc211.org/2005/resources/codeList.xml#CI_RoleCode" codeListValue="pointOfContact" codeSpace="ISOTC211/19115" />
          </gmd:role>
        </gmd:CI_ResponsibleParty>
      </gmd:contact>
      <gmd:dateStamp>
        <gco:DateTime xmlns:srv="http://www.isotc211.org/2005/srv">2009-06-18T10:44:53</gco:DateTime>
      </gmd:dateStamp>
      <gmd:metadataStandardName>
        <gco:CharacterString xmlns:srv="http://www.isotc211.org/2005/srv">ISO 19115:2003/19139</gco:CharacterString>
      </gmd:metadataStandardName>
      <gmd:metadataStandardVersion>
        <gco:CharacterString xmlns:srv="http://www.isotc211.org/2005/srv">1.0</gco:CharacterString>
      </gmd:metadataStandardVersion>
      <gmd:dataSetURI gco:nilReason="missing">
        <gco:CharacterString />
      </gmd:dataSetURI>
      <gmd:spatialRepresentationInfo>
        <gmd:MD_VectorSpatialRepresentation>
          <gmd:geometricObjects>
            <gmd:MD_GeometricObjects>
              <gmd:geometricObjectType>
                <gmd:MD_GeometricObjectTypeCode codeList="http://www.isotc211.org/2005/resources/codeList.xml#MD_GeometricObjectTypeCode" codeListValue="complex" codeSpace="ISOTC211/19115" />
              </gmd:geometricObjectType>
              <gmd:geometricObjectCount>
                <gco:Integer>33178</gco:Integer>
              </gmd:geometricObjectCount>
            </gmd:MD_GeometricObjects>
          </gmd:geometricObjects>
        </gmd:MD_VectorSpatialRepresentation>
      </gmd:spatialRepresentationInfo>
      <gmd:referenceSystemInfo>
        <gmd:MD_ReferenceSystem>
          <gmd:referenceSystemIdentifier>
            <gmd:RS_Identifier>
              <gmd:code>
                <gco:CharacterString>Federal Information Processing Standards (FIPS), ANSI, and feature names.</gco:CharacterString>
              </gmd:code>
            </gmd:RS_Identifier>
          </gmd:referenceSystemIdentifier>
        </gmd:MD_ReferenceSystem>
      </gmd:referenceSystemInfo>
      <gmd:identificationInfo>
        <gmd:MD_DataIdentification>
          <gmd:citation>
            <gmd:CI_Citation>
              <gmd:title>
                <gco:CharacterString>5-Digit ZIP Code Tabulation Area (ZCTA5)</gco:CharacterString>
              </gmd:title>
              <gmd:date>
                <gmd:CI_Date>
                  <gmd:date>
                    <gco:Date>2007-01-03</gco:Date>
                  </gmd:date>
                  <gmd:dateType>
                    <gmd:CI_DateTypeCode codeList="http://www.isotc211.org/2005/resources/codeList.xml#CI_DateTypeCode" codeListValue="publication" codeSpace="ISOTC211/19115" />
                  </gmd:dateType>
                </gmd:CI_Date>
              </gmd:date>
              <gmd:edition>
                <gco:CharacterString>2007</gco:CharacterString>
              </gmd:edition>
              <gmd:citedResponsibleParty>
                <gmd:CI_ResponsibleParty>
                  <gmd:organisationName>
                    <gco:CharacterString>U.S. Department of Commerce, U.S. Census Bureau, Geography Division</gco:CharacterString>
                  </gmd:organisationName>
                  <gmd:role>
                    <gmd:CI_RoleCode codeList="http://www.isotc211.org/2005/resources/codeList.xml#CI_RoleCode" codeListValue="originator" codeSpace="ISOTC211/19115" />
                  </gmd:role>
                </gmd:CI_ResponsibleParty>
              </gmd:citedResponsibleParty>
              <gmd:presentationForm>
                <gmd:CI_PresentationFormCode codeList="http://www.isotc211.org/2005/resources/codeList.xml#CI_PresentationFormCode" codeListValue="mapDigital" codeSpace="ISOTC211/19115" />
              </gmd:presentationForm>
            </gmd:CI_Citation>
          </gmd:citation>
          <gmd:abstract>
            <gco:CharacterString>The TIGER/Line Shapefiles are an extract of selected geographic and cartographic information from the Census MAF/TIGER database. The Census MAF/TIGER database represents a seamless national file with no overlaps or gaps between parts. However, each TIGER/Line Shapefile is designed to stand alone as an independent data set or the shapefiles can be combined to cover the whole nation.</gco:CharacterString>
          </gmd:abstract>
          <gmd:purpose>
            <gco:CharacterString>In order for others to use the information in the Census MAF/TIGER database in a geographic information system (GIS) or for other geographic applications, the Census Bureau releases to the public extracts of the database in the form of TIGER/Line Shapefiles.</gco:CharacterString>
          </gmd:purpose>
          <gmd:status>
            <gmd:MD_ProgressCode codeList="http://www.isotc211.org/2005/resources/codeList.xml#MD_ProgressCode" codeListValue="completed" codeSpace="ISOTC211/19115" />
          </gmd:status>
          <gmd:pointOfContact>
            <gmd:CI_ResponsibleParty>
              <gmd:organisationName>
                <gco:CharacterString>U.S. Department of Commerce, U.S. Census Bureau, Geography Division, Geographic Products Management Branch</gco:CharacterString>
              </gmd:organisationName>
              <gmd:contactInfo>
                <gmd:CI_Contact>
                  <gmd:phone>
                    <gmd:CI_Telephone>
                      <gmd:voice>
                        <gco:CharacterString>301-763-1128</gco:CharacterString>
                      </gmd:voice>
                      <gmd:facsimile>
                        <gco:CharacterString>301-763-4710</gco:CharacterString>
                      </gmd:facsimile>
                    </gmd:CI_Telephone>
                  </gmd:phone>
                  <gmd:address>
                    <gmd:CI_Address>
                      <gmd:deliveryPoint>
                        <gco:CharacterString>4600 Silver Hill Road, Stop 7400</gco:CharacterString>
                      </gmd:deliveryPoint>
                      <gmd:city>
                        <gco:CharacterString>Washington</gco:CharacterString>
                      </gmd:city>
                      <gmd:administrativeArea>
                        <gco:CharacterString>DC</gco:CharacterString>
                      </gmd:administrativeArea>
                      <gmd:postalCode>
                        <gco:CharacterString>20233-7400</gco:CharacterString>
                      </gmd:postalCode>
                      <gmd:country>
                        <gco:CharacterString>United States</gco:CharacterString>
                      </gmd:country>
                      <gmd:electronicMailAddress>
                        <gco:CharacterString>tiger@census.gov</gco:CharacterString>
                      </gmd:electronicMailAddress>
                    </gmd:CI_Address>
                  </gmd:address>
                </gmd:CI_Contact>
              </gmd:contactInfo>
              <gmd:role>
                <gmd:CI_RoleCode codeList="http://www.isotc211.org/2005/resources/codeList.xml#CI_RoleCode" codeListValue="pointOfContact" codeSpace="ISOTC211/19115" />
              </gmd:role>
            </gmd:CI_ResponsibleParty>
          </gmd:pointOfContact>
          <gmd:resourceMaintenance>
            <gmd:MD_MaintenanceInformation />
          </gmd:resourceMaintenance>
          <gmd:graphicOverview>
            <gmd:MD_BrowseGraphic>
              <gmd:fileName>
                <gco:CharacterString>okzip_s.png</gco:CharacterString>
              </gmd:fileName>
              <gmd:fileDescription>
                <gco:CharacterString>thumbnail</gco:CharacterString>
              </gmd:fileDescription>
              <gmd:fileType>
                <gco:CharacterString>png</gco:CharacterString>
              </gmd:fileType>
            </gmd:MD_BrowseGraphic>
          </gmd:graphicOverview>
          <gmd:graphicOverview>
            <gmd:MD_BrowseGraphic>
              <gmd:fileName>
                <gco:CharacterString>okzip.png</gco:CharacterString>
              </gmd:fileName>
              <gmd:fileDescription>
                <gco:CharacterString>large_thumbnail</gco:CharacterString>
              </gmd:fileDescription>
              <gmd:fileType>
                <gco:CharacterString>png</gco:CharacterString>
              </gmd:fileType>
            </gmd:MD_BrowseGraphic>
          </gmd:graphicOverview>
          <gmd:descriptiveKeywords>
            <gmd:MD_Keywords>
              <gmd:keyword>
                <gco:CharacterString>Nation</gco:CharacterString>
              </gmd:keyword>
              <gmd:keyword>
                <gco:CharacterString>ZIP Code Tabulation Area</gco:CharacterString>
              </gmd:keyword>
              <gmd:keyword>
                <gco:CharacterString>Zip Code</gco:CharacterString>
              </gmd:keyword>
              <gmd:keyword>
                <gco:CharacterString>ZCTA</gco:CharacterString>
              </gmd:keyword>
              <gmd:keyword>
                <gco:CharacterString>Administrative Units</gco:CharacterString>
              </gmd:keyword>
              <gmd:keyword>
                <gco:CharacterString>Polygon</gco:CharacterString>
              </gmd:keyword>
              <gmd:type>
                <gmd:MD_KeywordTypeCode codeList="http://www.isotc211.org/2005/resources/codeList.xml#MD_KeywordTypeCode" codeListValue="theme" codeSpace="ISOTC211/19115" />
              </gmd:type>
              <gmd:thesaurusName>
                <gmd:CI_Citation>
                  <gmd:title>
                    <gco:CharacterString>None</gco:CharacterString>
                  </gmd:title>
                </gmd:CI_Citation>
              </gmd:thesaurusName>
            </gmd:MD_Keywords>
          </gmd:descriptiveKeywords>
          <gmd:descriptiveKeywords>
            <gmd:MD_Keywords>
              <gmd:keyword>
                <gco:CharacterString>United States</gco:CharacterString>
              </gmd:keyword>
              <gmd:keyword>
                <gco:CharacterString>U.S.</gco:CharacterString>
              </gmd:keyword>
              <gmd:type>
                <gmd:MD_KeywordTypeCode codeList="http://www.isotc211.org/2005/resources/codeList.xml#MD_KeywordTypeCode" codeListValue="place" codeSpace="ISOTC211/19115" />
              </gmd:type>
              <gmd:thesaurusName>
                <gmd:CI_Citation>
                  <gmd:title>
                    <gco:CharacterString>FIPS Publication 5-2, FIPS Publication 6-4, FIPS Publication 8-6, FIPS Publication 9-1</gco:CharacterString>
                  </gmd:title>
                </gmd:CI_Citation>
              </gmd:thesaurusName>
            </gmd:MD_Keywords>
          </gmd:descriptiveKeywords>
          <gmd:descriptiveKeywords>
            <gmd:MD_Keywords>
              <gmd:keyword>
                <gco:CharacterString>Downloadable Data</gco:CharacterString>
              </gmd:keyword>
              <gmd:thesaurusName uuidref="723f6998-058e-11dc-8314-0800200c9a66" />
            </gmd:MD_Keywords>
          </gmd:descriptiveKeywords>
          <gmd:resourceConstraints>
            <gmd:MD_LegalConstraints>
              <gmd:accessConstraints>
                <gmd:MD_RestrictionCode codeList="http://www.isotc211.org/2005/resources/codeList.xml#MD_RestrictionCode" codeListValue="otherRestrictions" codeSpace="ISOTC211/19115" />
              </gmd:accessConstraints>
              <gmd:otherConstraints>
                <gco:CharacterString>access constraints: None</gco:CharacterString>
              </gmd:otherConstraints>
            </gmd:MD_LegalConstraints>
          </gmd:resourceConstraints>
          <gmd:resourceConstraints>
            <gmd:MD_LegalConstraints>
              <gmd:useConstraints>
                <gmd:MD_RestrictionCode codeList="http://www.isotc211.org/2005/resources/codeList.xml#MD_RestrictionCode" codeListValue="otherRestrictions" codeSpace="ISOTC211/19115" />
              </gmd:useConstraints>
              <gmd:otherConstraints>
                <gco:CharacterString>use constraints: The TIGER/Line Shapefile products are not copyrighted however TIGER/Line and Census TIGER are registered trademarks of the U.S. Census Bureau. These products are free to use in a product or publication, however acknowledgement must be given to the U.S. Census Bureau as the source. The boundary information in the TIGER/Line Shapefiles are for statistical data collection and tabulation purposes only; their depiction and designation for statistical purposes does not constitute a determination of jurisdictional authority or rights of ownership or entitlement and they are not legal land descriptions.</gco:CharacterString>
              </gmd:otherConstraints>
            </gmd:MD_LegalConstraints>
          </gmd:resourceConstraints>
          <gmd:resourceConstraints>
            <gmd:MD_LegalConstraints>
              <gmd:otherConstraints>
                <gco:CharacterString>No warranty, expressed or implied is made with regard to the accuracy of these data, and no liability is assumed by the U.S. Government in general or the U.S. Census Bureau in specific as to the spatial or attribute accuracy of the data. The act of distribution shall not constitute any such warranty and no responsibility is assumed by the U.S. government in the use of these files. The boundary information in the TIGER/Line Shapefiles is for statistical data collection and tabulation purposes only; their depiction and designation for statistical purposes do not constitute a determination of jurisdictional authority or rights of ownership or entitlement and they are not legal land descriptions.</gco:CharacterString>
              </gmd:otherConstraints>
            </gmd:MD_LegalConstraints>
          </gmd:resourceConstraints>
          <gmd:language gco:nilReason="missing">
            <gco:CharacterString />
          </gmd:language>
          <gmd:topicCategory>
            <gmd:MD_TopicCategoryCode>boundaries</gmd:MD_TopicCategoryCode>
          </gmd:topicCategory>
          <gmd:environmentDescription>
            <gco:CharacterString>Microsoft Windows XP Version 5.1 (Build 2600) Service Pack 2; ESRI ArcCatalog 9.1.0.780</gco:CharacterString>
          </gmd:environmentDescription>
          <gmd:extent>
            <gmd:EX_Extent>
              <gmd:description>
                <gco:CharacterString>Publication Date</gco:CharacterString>
              </gmd:description>
              <gmd:temporalElement>
                <gmd:EX_TemporalExtent>
                  <gmd:extent>
                    <gml:TimePeriod gml:id="_5fbb292dccd6097ee663fed9ec9e49">
                      <gml:beginPosition>2007-01-01T00:00:00</gml:beginPosition>
                      <gml:endPosition>2007-07-01T00:00:00</gml:endPosition>
                    </gml:TimePeriod>
                  </gmd:extent>
                </gmd:EX_TemporalExtent>
              </gmd:temporalElement>
            </gmd:EX_Extent>
          </gmd:extent>
          <gmd:extent>
            <gmd:extent>
              <gmd:EX_Extent>
                <gmd:geographicElement>
                  <gmd:EX_GeographicBoundingBox>
                    <gmd:westBoundLongitude>
                      <gco:Decimal>-103.125</gco:Decimal>
                    </gmd:westBoundLongitude>
                    <gmd:eastBoundLongitude>
                      <gco:Decimal>-94.375</gco:Decimal>
                    </gmd:eastBoundLongitude>
                    <gmd:southBoundLatitude>
                      <gco:Decimal>33.615</gco:Decimal>
                    </gmd:southBoundLatitude>
                    <gmd:northBoundLatitude>
                      <gco:Decimal>37.002</gco:Decimal>
                    </gmd:northBoundLatitude>
                  </gmd:EX_GeographicBoundingBox>
                </gmd:geographicElement>
              </gmd:EX_Extent>
            </gmd:extent>
          </gmd:extent>
        </gmd:MD_DataIdentification>
      </gmd:identificationInfo>
      <gmd:distributionInfo>
        <gmd:MD_Distribution>
          <gmd:distributionFormat>
            <gmd:MD_Format>
              <gmd:name>
                <gco:CharacterString>TGRSHP (compressed)</gco:CharacterString>
              </gmd:name>
              <gmd:version>
                <gco:CharacterString>unknown</gco:CharacterString>
              </gmd:version>
              <gmd:fileDecompressionTechnique>
                <gco:CharacterString>PK-ZIP, version 1.93 A or higher</gco:CharacterString>
              </gmd:fileDecompressionTechnique>
            </gmd:MD_Format>
          </gmd:distributionFormat>
          <gmd:distributor>
            <gmd:MD_Distributor>
              <gmd:distributorContact>
                <gmd:CI_ResponsibleParty>
                  <gmd:organisationName>
                    <gco:CharacterString>U.S. Department of Commerce, U.S. Census Bureau, Geography Division, Geographic Products Management Branch</gco:CharacterString>
                  </gmd:organisationName>
                  <gmd:contactInfo>
                    <gmd:CI_Contact>
                      <gmd:phone>
                        <gmd:CI_Telephone>
                          <gmd:voice>
                            <gco:CharacterString>301-763-1128</gco:CharacterString>
                          </gmd:voice>
                          <gmd:facsimile>
                            <gco:CharacterString>301-763-4710</gco:CharacterString>
                          </gmd:facsimile>
                        </gmd:CI_Telephone>
                      </gmd:phone>
                      <gmd:address>
                        <gmd:CI_Address>
                          <gmd:deliveryPoint>
                            <gco:CharacterString>4600 Silver Hill Road, Stop 7400</gco:CharacterString>
                          </gmd:deliveryPoint>
                          <gmd:city>
                            <gco:CharacterString>Washington</gco:CharacterString>
                          </gmd:city>
                          <gmd:administrativeArea>
                            <gco:CharacterString>DC</gco:CharacterString>
                          </gmd:administrativeArea>
                          <gmd:postalCode>
                            <gco:CharacterString>20233-7400</gco:CharacterString>
                          </gmd:postalCode>
                          <gmd:country>
                            <gco:CharacterString>United States</gco:CharacterString>
                          </gmd:country>
                          <gmd:electronicMailAddress>
                            <gco:CharacterString>tiger@census.gov</gco:CharacterString>
                          </gmd:electronicMailAddress>
                        </gmd:CI_Address>
                      </gmd:address>
                    </gmd:CI_Contact>
                  </gmd:contactInfo>
                  <gmd:role>
                    <gmd:CI_RoleCode codeList="http://www.isotc211.org/2005/resources/codeList.xml#CI_RoleCode" codeListValue="pointOfContact" codeSpace="ISOTC211/19115" />
                  </gmd:role>
                </gmd:CI_ResponsibleParty>
              </gmd:distributorContact>
              <gmd:distributionOrderProcess>
                <gmd:MD_StandardOrderProcess>
                  <gmd:fees>
                    <gco:CharacterString>The online copy of the TIGER/Line files may be accessed without charge.</gco:CharacterString>
                  </gmd:fees>
                  <gmd:orderingInstructions>
                    <gco:CharacterString>To obtain more information about ordering TIGER/Line shapefiles visit http://www.census.gov/geo/www/tiger</gco:CharacterString>
                  </gmd:orderingInstructions>
                </gmd:MD_StandardOrderProcess>
              </gmd:distributionOrderProcess>
              <gmd:distributorTransferOptions>
                <gmd:MD_DigitalTransferOptions />
              </gmd:distributorTransferOptions>
            </gmd:MD_Distributor>
          </gmd:distributor>
          <gmd:transferOptions>
            <gmd:MD_DigitalTransferOptions>
              <gmd:transferSize>
                <gco:Real>22.117</gco:Real>
              </gmd:transferSize>
              <gmd:onLine>
                <gmd:CI_OnlineResource>
                  <gmd:linkage>
                    <gmd:URL>http://www.census.gov/geo/www/tiger</gmd:URL>
                  </gmd:linkage>
                </gmd:CI_OnlineResource>
              </gmd:onLine>
              <gmd:onLine>
                <gmd:CI_OnlineResource>
                  <gmd:linkage xmlns:srv="http://www.isotc211.org/2005/srv">
                    <gmd:URL>http://ogi.state.ok.us/geoserver/wms</gmd:URL>
                  </gmd:linkage>
                  <gmd:protocol>
                    <gco:CharacterString>OGC:WMS-1.1.1-http-get-map</gco:CharacterString>
                  </gmd:protocol>
                  <gmd:name>
                    <gco:CharacterString>ogi:okzip</gco:CharacterString>
                  </gmd:name>
                  <gmd:description>
                    <gco:CharacterString>5 Digit Zip Code Areas</gco:CharacterString>
                  </gmd:description>
                </gmd:CI_OnlineResource>
              </gmd:onLine>
              <gmd:offLine>
                <gmd:MD_Medium>
                  <gmd:name>
                    <gmd:MD_MediumNameCode codeList="http://www.isotc211.org/2005/resources/codeList.xml#MD_MediumNameCode" codeListValue="dvdRom" codeSpace="ISOTC211/19115" />
                  </gmd:name>
                </gmd:MD_Medium>
              </gmd:offLine>
            </gmd:MD_DigitalTransferOptions>
          </gmd:transferOptions>
        </gmd:MD_Distribution>
      </gmd:distributionInfo>
      <gmd:dataQualityInfo>
        <gmd:DQ_DataQuality>
          <gmd:scope>
            <gmd:DQ_Scope>
              <gmd:level>
                <gmd:MD_ScopeCode codeList="http://www.isotc211.org/2005/resources/codeList.xml#MD_ScopeCode" codeListValue="dataset" codeSpace="ISOTC211/19115" />
              </gmd:level>
            </gmd:DQ_Scope>
          </gmd:scope>
          <gmd:report>
            <gmd:DQ_FormatConsistency>
              <gmd:evaluationMethodDescription>
                <gco:CharacterString>The Census Bureau performed automated tests to ensure logical consistency and limits of shapefiles. Segments making up the outer and inner boundaries of a polygon tie end-to-end to completely enclose the area. All polygons are tested for closure. The Census Bureau uses its internally developed geographic update system to enhance and modify spatial and attribute data in the Census MAF/TIGER database. Standard geographic codes, such as FIPS codes for states, counties, municipalities, county subdivisions, places, American Indian/Alaska Native/Native Hawaiian areas, and congressional districts are used when encoding spatial entities. The Census Bureau performed spatial data tests for logical consistency of the codes during the compilation of the original Census MAF/TIGER database files. Most of the codes for geographic entities except states, counties, urban areas, Core Based Statistical Areas (CBSAs), American Indian Areas (AIAs), and congressional districts were provided to the Census Bureau by the USGS, the agency responsible for maintaining FIPS 55. Feature attribute information has been examined but has not been fully tested for consistency. For the TIGER/Line Shapefiles, the Point and Vector Object Count for the G-polygon SDTS Point and Vector Object Type reflects the number of records in the shapefile attribute table. For multi-polygon features, only one attribute record exists for each multi-polygon rather than one attribute record per individual G-polygon component of the multi-polygon feature. TIGER/Line Shapefile multi-polygons are an exception to the G-polygon object type classification. Therefore, when multi-polygons exist in a shapefile, the object count will be less than the actual number of G-polygons.</gco:CharacterString>
              </gmd:evaluationMethodDescription>
            </gmd:DQ_FormatConsistency>
          </gmd:report>
          <gmd:report>
            <gmd:DQ_QuantitativeAttributeAccuracy>
              <gmd:evaluationMethodDescription>
                <gco:CharacterString>Accurate against Federal Information Processing Standards (FIPS), FIPS Publication 6-4, and FIPS-55 at the 100% level for the codes and base names. The remaining attribute information has been examined but has not been fully tested for accuracy.</gco:CharacterString>
              </gmd:evaluationMethodDescription>
            </gmd:DQ_QuantitativeAttributeAccuracy>
          </gmd:report>
          <gmd:lineage>
            <gmd:LI_Lineage>
              <gmd:processStep>
                <gmd:LI_ProcessStep>
                  <gmd:description>
                    <gco:CharacterString>Dataset moved.</gco:CharacterString>
                  </gmd:description>
                </gmd:LI_ProcessStep>
              </gmd:processStep>
              <gmd:processStep>
                <gmd:LI_ProcessStep>
                  <gmd:description>
                    <gco:CharacterString>TIGER/Line Shapefiles are extracted from the Census MAF/TIGER database by nation, state, county, and entity. Census MAF/TIGER data for the nation, state, county, and entity are then distributed among 58 shapefiles each containing attributes for line, polygon, or landmark geographic data.</gco:CharacterString>
                  </gmd:description>
                  <gmd:dateTime>
                    <gco:DateTime>2007-01-01T00:00:00</gco:DateTime>
                  </gmd:dateTime>
                </gmd:LI_ProcessStep>
              </gmd:processStep>
              <gmd:source>
                <gmd:LI_Source>
                  <gmd:description>
                    <gco:CharacterString>The selected geographic and cartographic information (line segments) are derived from the U.S. Census Bureau's Master Address File Topologically Integrated Geographic Encoding and Referencing (MAF/TIGER) database.</gco:CharacterString>
                  </gmd:description>
                  <gmd:sourceCitation>
                    <gmd:CI_Citation>
                      <gmd:title>
                        <gco:CharacterString>Census MAF/TIGER database</gco:CharacterString>
                      </gmd:title>
                      <gmd:date>
                        <gmd:CI_Date>
                          <gmd:date />
                          <gmd:dateType>
                            <gmd:CI_DateTypeCode codeList="http://www.isotc211.org/2005/resources/codeList.xml#CI_DateTypeCode" codeListValue="publication" codeSpace="ISOTC211/19115" />
                          </gmd:dateType>
                        </gmd:CI_Date>
                      </gmd:date>
                      <gmd:citedResponsibleParty>
                        <gmd:CI_ResponsibleParty>
                          <gmd:organisationName>
                            <gco:CharacterString>U.S. Department of Commerce, U.S. Census Bureau, Geography Division</gco:CharacterString>
                          </gmd:organisationName>
                          <gmd:role>
                            <gmd:CI_RoleCode codeList="http://www.isotc211.org/2005/resources/codeList.xml#CI_RoleCode" codeListValue="originator" codeSpace="ISOTC211/19115" />
                          </gmd:role>
                        </gmd:CI_ResponsibleParty>
                      </gmd:citedResponsibleParty>
                    </gmd:CI_Citation>
                  </gmd:sourceCitation>
                </gmd:LI_Source>
              </gmd:source>
            </gmd:LI_Lineage>
          </gmd:lineage>
        </gmd:DQ_DataQuality>
      </gmd:dataQualityInfo>
    </gmd:MD_Metadata>
  </csw:SearchResults>
</csw:GetRecordsResponse>